{
  "values": [
    {
      "0": [
        {
          "0": "AT&T Wireless"
        },
        {
          "1": "AT&T Internet"
        },
        {
          "2": "U-verse TV"
        },
        {
          "3": "DIRECTV"
        },
        {
          "4": "DSL"
        },
        {
          "5": "AT&T Digital Phone"
        }
      ]
    }
  ],
  "message": "So I can help you better, choose the service you want help with.",
  "components": [
    {
      "0": "Button"
    }
  ],
  "AT&T Wireless": {
    "values": [
      {
        "0": [
          {
            "0": "Make or edit a payment arrangement"
          },
          {
            "1": "Get info about a bill credit"
          },
          {
            "2": "Ask about a charge on my bill"
          },
          {
            "3": "Find out more about discounts"
          },
          {
            "4": "See how much a plan costs"
          }
        ]
      }
    ],
    "message": "OK, let’s get your bill question answered! What are you trying to do today?",
    "components": [
      {
        "0": "Button"
      }
    ],
    "Make or edit a payment arrangement": {
      "message": "Got it! <a href='https://www.att.com/support/article/my-account/KM1025834' target='_blank'><u>Get more info and find out how to make a payment arrangement</u></a>",
      "CustomEndFlow": true
    },
    "Get info about a bill credit": {
      "components": [
        {
          "0": "Button"
        }
      ],
      "values": [
        {
          "0": [
            {
              "0": "Credit for switching to AT&T"
            },
            {
              "1": "Another credit question"
            }
          ]
        }
      ],
      "message": "So I can help you better, what kind of credit are you asking about?",
      "Credit for switching to AT&T": {
        "message": "I'm connecting you with someone who can get you the help you need. Thanks for chatting with me today!",
        "LiveAgentEscalation": true
      },
      "Another credit question": {
        "message": "Got it! Here’s what to know: If you’re expecting a bill credit, it can take up to 2 bill periods before it shows on your bill.<br/><br/>Want to see if your bill credit’s been applied? <a href='https://m.att.com/myatt/native/deepLink.html?action=BillPayment&appInstall=N' target='_blank'><u>Go to your bill</u></a> and select <b>View details</b> (under Make a payment).",
        "CustomEndFlow": true
      }
    },
    "Ask about a charge on my bill": {
      "values": [
        {
          "0": [
            {
              "0": "Fee to cancel my account"
            },
            {
              "1": "Refund for a charge"
            },
            {
              "2": "Another kind of fee or charge question"
            }
          ]
        }
      ],
      "message": "Ok! What can I help you with?",
      "components": [
        {
          "0": "Button"
        }
      ],
      "Fee to cancel my account": {
        "values": [
          {
            "0": [
              {
                "0": "Yes"
              },
              {
                "1": "No"
              }
            ]
          }
        ],
        "message": "Got it! Here’s what to know about canceling your service:<ul><li>Have an installment plan? You'll have to pay the full remaining installment balance right away.</li><li>If you have a service commitment, you may owe an early termination fee (ETF). Learn how to estimate your ETF.</li></ul>Still want info about cancellation fees?",
        "components": [
          {
            "0": "Button"
          }
        ],
        "Yes": {
          "message": "Want to cancel a line for a tablet or wearable? <a href='https://www.att.com/support/article/directv/KM1009500' target='_blank'><u>Cancel it online now</u></a><br/><br/>Trying to cancel a smartphone line or your whole account? Call us at <a href=’tel:800-331-0500’><u>800.331.0500</u></a> during these hours:<ul><li>Monday to Friday, 8 a.m. to 10 p.m. ET</li><li>Saturday and Sunday, 9 a.m. to 10 p.m. ET</li></ul>",
          "CustomEndFlow": true
        },
        "No": {
          "message": "I’m here if you have more questions.",
          "CustomEndFlow": true
        }
      },
      "Refund for a charge": {
        "message": "I'm connecting you with someone who can get you the help you need. Thanks for chatting with me today!",
        "LiveAgentEscalation": true
      },
      "Another kind of fee or charge question": {
        "values": [
          {
            "0": [
              {
                "0": "Taxes & surcharges"
              },
              {
                "1": "Access fees"
              },
              {
                "2": "Activation or upgrade fees"
              },
              {
                "3": "Early termination fees"
              },
              {
                "4": "Late fees"
              },
              {
                "5": "International charges"
              }
            ]
          }
        ],
        "message": "Got it! What kind of fee or charge do you have a question about?",
        "components": [
          {
            "0": "Button"
          }
        ],
        "Taxes & surcharges": {
          "message": "The rates you pay for taxes, surcharges, and other fees are determined by federal, state, and local laws.<br/><br/>For more info:<ul><li><a href='https://www.wireless.att.com/cell-phone-service/additionalcharges/changeZip.jsp' target='_blank'><u>See rates for your area</u></a></li><li><a href='https://www.att.com/support/article/my-account/KM1022940' target='_blank'><u>Learn more about taxes, surcharges, and fees</u></a></li></ul>",
          "CustomEndFlow": true
        },
        "Access fees": {
          "message": "If you have a Mobile Share or an AT&T unlimited plan, we charge a monthly device access fee for each smartphone or tablet.",
          "CustomEndFlow": true
        },
        "Activation or upgrade fees": {
          "message": "We charge these fees when you:<ul><li>Activate a new line</li><li>Upgrade your device</li><li>Bring your own device</li></ul><br/>Want more info?<br/><ol type='1'><li><a href='https://m.att.com/myatt/native/deepLink.html?action=BillPayment&appInstall=N' target='_blank'><u>Go to your bill.</u></a></li><li>Find the charge and Select <b>Learn more about this fee</b>.Think we charged you by mistake? Select <b>Dispute this fee.</b></li></ol>",
          "CustomEndFlow": true
        },
        "Early termination fees": {
          "message": "We charge an early termination fee (ETF) if you don’t complete your service commitment. The ETF decreases over time and is based on how many months are left in your contract.<br/><br/><a href='https://www.att.com/support/article/my-account/KM1040766' target='_blank'><u>Learn more about ETFs</u></a>",
          "CustomEndFlow": true
        },
        "Late fees": {
          "message": "We charge a late fee if we don’t get your payment by your due date.<br/><br/>Want to avoid late fees next time? You have options:<br/><ul><li><a href='https://www.att.com/support/article/my-account/KM1009352' target='_blank'><u>Sign up for AutoPay</u></a> so you don’t have to worry about late payments.</li><li><a href='https://www.att.com/support/article/my-account/KM1025834' target='_blank'><u>Make a payment arrangement</u></a> if you think you can’t pay by your due date.</li></ul>",
          "CustomEndFlow": true
        },
        " International charges": {
          "message": "International charges apply when you talk, text, or use data outside the U.S., Puerto Rico, and the U.S. Virgin Islands.<br/><br/>Want to keep your costs under control next time you travel?<br/><a href='https://www.att.com/support/article/my-account/KM1040974' target='_blank'><u>Explore ways to manage international usage</u></a><br/><br/>Plus, <a href='https://www.att.com/support/article/wireless/KM1009432' target='_blank'><u>find out how we bill Wi-Fi Calling when you use it abroad</u></a>",
          "CustomEndFlow": true
        }
      }
    },
    "Find out more about discounts": {
      "values": [
        {
          "0": [
            {
              "0": "See what discounts I can get"
            },
            {
              "1": "Ask about a discount I used to get"
            },
            {
              "2": "Find out when my discount starts"
            },
            {
              "3": "Something else"
            }
          ]
        }
      ],
      "message": "Let’s narrow this down a little. What do you want to do?",
      "components": [
        {
          "0": "Button"
        }
      ],
      "See what discounts I can get": {
        "values": [
          {
            "0": [
              {
                "0": "Chat with someone for more help"
              }
            ]
          }
        ],
        "message": "Got it! Here’s some info about discounts we offer:<ul><li><a href='https://www.att.com/offers/discount-program/' target='_blank'><u>Find out about our union, employee, AARP, and student discounts</u></a></li><li><a href='https://www.att.com/offers/firstresponders.html' target='_blank'><u>Get info about discounts for first-responders, veterans, and active-duty military</u></a></li></ul>Looking for other ways to save?",
        "components": [
          {
            "0": "Button"
          }
        ]
      },
      "Ask about a discount I used to get": {
        "values": [
          {
            "0": [
              {
                "0": "Chat with someone for more help"
              }
            ]
          }
        ],
        "message": "Here’s the scoop on why your discount may have gone away:<ul><li>Your promo or offer is expired.</li><li>You don’t meet the eligibility requirements anymore.</li></ul>Want more info? <a href='https://www.att.com/help/offers.html' target='_blank'><u>Check your promo or offer details and eligibility requirements</u></a><br/><br/>Still have questions?",
        "components": [
          {
            "0": "Button"
          }
        ]
      },
      "Find out when my discount starts": {
        "values": [
          {
            "0": [
              {
                "0": "Chat with someone for more help"
              }
            ]
          }
        ],
        "message": "Just an FYI: Discounts and credits can take 2 to 3 bill periods to show on your bill.<br/><br/>Still have questions?",
        "components": [
          {
            "0": "Button"
          }
        ]
      },
      "Something else": {
        "message": "Got it! I'll get you to someone for more help.",
        "LiveAgentEscalation": true
      }
    },
    "See how much a plan costs": {
      "message": "See how your current plan stacks up to others we offer with a side-by-side comparison.<br/><br/><a href='https://m.att.com/myatt/native/deepLink.html?action=ChangeRatePlan&appInstall=N' target='_blank'><u>Compare plans now</u></a>",
      "CustomEndFlow": true
    }
  },
  "U-verse TV": {
    "values": [
      {
        "0": [
          {
            "0": "Make or edit a payment arrangement"
          },
          {
            "1": "Ask about a charge on my bill"
          },
          {
            "2": "See how much a plan costs"
          },
          {
            "3": "Find out why my bill went up"
          },
          {
            "4": "Learn how to pay my bill"
          }
        ]
      }
    ],
    "message": "OK, let’s get your bill question answered! What are you trying to do today?",
    "components": [
      {
        "0": "Button"
      }
    ],
    "Make or edit a payment arrangement": {
      "message": "Got it! <a href='https://www.att.com/support/article/my-account/KM1025834' target='_blank'><u>Get more info and find out how to make a payment arrangement</u></a>",
      "CustomEndFlow": true
    },
    "Ask about a charge on my bill ": {
      "values": [
        {
          "0": [
            {
              "0": "Fee to cancel my account"
            },
            {
              "1": "Refund for a charge"
            },
            {
              "2": "Another kind of fee or charge question"
            }
          ]
        }
      ],
      "message": "Ok! What can I help you with?",
      "components": [
        {
          "0": "Button"
        }
      ],
      "Fee to cancel my account": {
        "values": [
          {
            "0": [
              {
                "0": "Yes"
              },
              {
                "1": "No"
              }
            ]
          }
        ],
        "message": "Got it! Here’s what to know about canceling your service:<ul><li>Have an installment plan? You'll have to pay the full remaining installment balance right away.</li><li>If you have a service commitment, you may owe an early termination fee (ETF). Learn how to estimate your ETF.</li></ul>Still want info about cancellation fees?",
        "components": [
          {
            "0": "Button"
          }
        ],
        "Yes": {
          "message": "We’ll have to help you with this over the phone, not by chat. Call us at <a href=’tel:800-288-2020’><u>800.288.2020</u></a>.",
          "CustomEndFlow": true
        },
        "No": {
          "message": "I’m here if you have more questions.",
          "CustomEndFlow": true
        }
      },
      "Another kind of fee or charge question": {
        "values": [
          {
            "0": [
              {
                "0": "Taxes & surcharges"
              },
              {
                "1": "Install, activation & equipment fees"
              },
              {
                "2": "Early termination fees"
              },
              {
                "3": "Late fees"
              },
              {
                "4": "On-demand & Pay-Per-View charges"
              }
            ]
          }
        ],
        "message": "Got it! What kind of fee or charge do you have a question about?",
        "components": [
          {
            "0": "Button"
          }
        ],
        "Taxes & surcharges": {
          "message": "The rates you pay for taxes, surcharges, and other fees are determined by federal, state, and local laws.<br/><br/><a href='https://www.att.com/support/article/my-account/KM1022940' target='_blank'><u>Learn more about taxes, surcharges, and fees</u></a>",
          "CustomEndFlow": true
        },
        "Install, activation & equipment fees": {
          "message": "We charge an installation, activation, or equipment fee when you:<br/><ul><li>Install or activate service</li><li>Have a DVR receiver</li><li>Don’t return equipment</li></ul><br/><a href='https://www.att.com/legal/terms.voiceandUverseTVFeeSchedule.html' target='_blank'><u>Learn more about monthly and one-time U-verse TV fees</u></a><br/><a href='https://www.att.com/support/article/u-verse-tv/KM1009508' target='_blank'><u>Get info about returning equipment & non-return fees</u></a>",
          "CustomEndFlow": true
        },
        "Early termination fees": {
          "message": "We charge an early termination fee (ETF) if you don’t complete your service commitment. The ETF amount decreases over time and is based on how many months you have left to complete when you cancel.<br/><br/><a href='https://www.att.com/legal/terms.voiceandUverseTVFeeSchedule.html' target='_blank'><u>Learn more about ETFs</u></a><br/><a href='https://www.att.com/support/article/my-account/KM1009540' target='_blank'><u>Learn more about ETFs for combined services</u></a>",
          "CustomEndFlow": true
        },
        "Late fees": {
          "message": "We charge a late fee if we don’t get your payment by your due date.<br/><br/>Want to avoid late fees next time? You have options:<br/><ul><li><a href='https://www.att.com/support/article/my-account/KM1009352' target='_blank'><u>Sign up for AutoPay</u></a> so you don’t have to worry about late payments.</li><li><a href='https://www.att.com/support/article/my-account/KM1025834' target='_blank'><u>Make a payment arrangement</u></a> if you think you can’t pay by your due date.</li></ul>",
          "CustomEndFlow": true
        },
        "On-demand & Pay-Per-View charges": {
          "message": "If you recently ordered on-demand or Pay Per View, that’s why you’re seeing these charges. It can take 1 to 2 bill periods after you order for these items to show up on your bill.<br/><br/><a href='https://watch.att.com/uverse/movies-on-demand/faq' target='_blank'><u>Find out more about On-demand and Pay-Per-View</u></a>",
          "CustomEndFlow": true
        }
      }
    },
    "See how much a plan costs": {
      "message": "Here’s how to get info about a new package:<ol type='1'><li><a href='https://m.att.com/myatt/native/deepLink.html?action=Overview&appInstall=N' target='_blank'><u>Go to your account overview.</u></a> If you have more than 1 service, choose the one you want to see.</li><li>Select <b>Change or manage my package.</b> From here you can:</li><ul><li>See your current package.</li><li>Explore other packages to see pricing info.</li></ul></ol>",
      "CustomEndFlow": true
    },
    "Find out why my bill went up": {
      "values": [
        {
          "0": [
            {
              "0": "I got my first bill"
            },
            {
              "1": "My plan price went up"
            },
            {
              "2": "My taxes or fees increased"
            },
            {
              "3": "My promotion expired"
            },
            {
              "4": "I didn’t get a credit"
            },
            {
              "5": "None of these"
            }
          ]
        }
      ],
      "message": "There are a few reasons why your bill might be higher than expected. Have any of these things happened recently?",
      "components": [
        {
          "0": "Button"
        }
      ],
      "I got my first bill": {
        "message": "Your first bill is usually higher than future bills.  That’s because it includes:<ul><li>One-time fees and charges like installation and equipment costs</li><li>Prorated monthly charges if you started service in the middle of a bill period</li><li>Your first full month of service (billed in advance)</li></ul>Expecting a credit? It can take up to 2 bill periods to appear.<br/><br/><a href='https://www.att.com/support/article/my-account/KM1052649' target='_blank'>Get more info about your first bill</a>",
        "CustomEndFlow": true
      },
      "My plan price went up": {
        "message": "We don’t like it either. When our costs go up, we have to adjust the price you pay for monthly service. <br/><br/><a href='https://www.att.com/support/article/my-account/KM1314015' target='_blank'>Get more info about price changes</a>",
        "CustomEndFlow": true
      },
      "My taxes or fees increased": {
        "message": "We apply taxes and surcharges based on rates determined by federal, state, and local laws.<br/><br/><a href='https://www.att.com/support/article/my-account/KM1022940' target='_blank'>Learn about taxes, surcharges, and fees</a>",
        "CustomEndFlow": true
      },
      " My promotion expired": {
        "message": "If your promotion or offer expired, it’s normal for your bill total to increase since you don’t get the related credit anymore.<br/><br/>Want more info? Try these links:<ul><li><a href='https://www.att.com/support/article/my-account/KM1052054' target='_blank'>Learn how to find promos on your current or past bills</a></li><li><a href='https://www.att.com/help/offers.html' target='_blank'>Get info about current or expired offers and promos</a></li></ul>",
        "CustomEndFlow": true
      },
      "I didn’t get a credit": {
        "values": [
          {
            "0": [
              {
                "0": "Chat with someone who can help"
              }
            ]
          }
        ],
        "message": "It may still be on the way. Bill adjustments or credits can take up to 2 bill periods to appear.<br/><br/><a href='https://www.att.com/support/article/my-account/KM1052054' target='_blank'>Learn how to find a credit on your bill</a><br/><br/>Has it already been longer than 2 bill periods? Chat with someone who can help.",
        "components": [
          {
            "0": "Button"
          }
        ]
      },
      "Chat with someone who can help": {
        "LiveAgentEscalation": true,
        "message": "I'm connecting you with someone who can get you the help you need. Thanks for chatting with me today!"
      },
      "None of these": {
        "message": "No worries! I’ll get you to someone who can help. ",
        "LiveAgentEscalation": true
      }
    },
    "Learn how to pay my bill": {
      "message": "You’ve got options! You can:<br/><ul><li><a href='https://m.att.com/myatt/native/deepLink.html?action=MakePayment&appInstall=N' target='_blank'><u>Pay your bill online now</u></a></li><li><a href='https://www.att.com/support/article/my-account/KM1009340' target='_blank'><u>Learn about other ways to pay</u></a></li></ul>",
      "CustomEndFlow": true
    }
  },
  "DIRECTV": {
    "values": [
      {
        "0": [
          {
            "0": "Make or edit a payment arrangement"
          },
          {
            "1": "Ask about a charge on my bill"
          },
          {
            "2": "See how much a plan costs"
          },
          {
            "3": "Find out why my bill went up"
          },
          {
            "4": "Learn how to pay my bill"
          }
        ]
      }
    ],
    "message": "OK, let’s get your bill question answered! What are you trying to do today?",
    "components": [
      {
        "0": "Button"
      }
    ],
    "Make or edit a payment arrangement": {
      "message": "Got it! <a href='https://www.att.com/support/article/my-account/KM1025834' target='_blank'><u>Get more info and find out how to make a payment arrangement</u></a>",
      "CustomEndFlow": true
    },
    "Ask about a charge on my bill ": {
      "values": [
        {
          "0": [
            {
              "0": "Fee to cancel my account"
            },
            {
              "1": "Refund for a charge"
            },
            {
              "2": "Another kind of fee or charge question"
            }
          ]
        }
      ],
      "message": "Ok! What can I help you with?",
      "components": [
        {
          "0": "Button"
        }
      ],
      "Fee to cancel my account": {
        "values": [
          {
            "0": [
              {
                "0": "Yes"
              },
              {
                "1": "No"
              }
            ]
          }
        ],
        "message": "Got it! First, <a href='https://www.att.com/support/article/directv/KM1009500' target='_blank'><u>learn what to expect when you cancel DIRECTV</u></a>.<br/><br/>Still want info about cancellation fees?",
        "components": [
          {
            "0": "Button"
          }
        ],
        "Yes": {
          "message": "We’ll have to help you with this over the phone, not by chat. Call us at <a href=’tel:800-288-2020’><u>800.288.2020</u></a>.",
          "CustomEndFlow": true
        },
        "No": {
          "message": "I’m here if you have more questions.",
          "CustomEndFlow": true
        }
      },
      "Another kind of fee or charge question": {
        "values": [
          {
            "0": [
              {
                "0": "Regional sports fee"
              },
              {
                "1": "Taxes & surcharges"
              },
              {
                "2": "Activation, equipment & access fees"
              },
              {
                "3": "Early termination fees"
              },
              {
                "4": "Late fees"
              },
              {
                "5": "On-demand & Pay-Per-View charges"
              }
            ]
          }
        ],
        "message": "Got it! What kind of fee or charge do you have a question about?",
        "components": [
          {
            "0": "Button"
          }
        ],
        " Regional sports fee": {
          "message": "The regional sports fee is based on the sports coverage we offer in certain areas. We charge this fee to everyone who has our service in that area. It’s not related to the channels you watch or the package you have.",
          "CustomEndFlow": true
        },
        "Taxes & surcharges": {
          "message": "The rates you pay for taxes, surcharges, and other fees are determined by federal, state, and local laws.<br/><br/><a href='https://www.att.com/support/article/my-account/KM1022940' target='_blank'><u>Learn more about taxes, surcharges, and fees</u></a>",
          "CustomEndFlow": true
        },
        "Activation, equipment & access fees": {
          "message": "We charge an installation, activation, or equipment fee when you:<br/><ul><li>Install or activate service</li><li>Have receivers connected</li><li>Don’t return equipment</li></ul><br/><a href='https://www.att.com/legal/terms.dtv_feeSchedule.html' target='_blank'><u>Learn more about monthly and one-time DIRECTV fees</u></a><br/><a href='https://www.att.com/support/article/directv/KM1009508' target='_blank'><u>Get info about C3 equipment & non-return fees</u></a>",
          "CustomEndFlow": true
        },
        "Early termination fees": {
          "message": "We charge an early termination fee (ETF) if you don’t complete your service commitment. The ETF amount decreases over time and is based on how many months you have left to complete when you cancel.<br/><br/><a href='https://www.att.com/legal/terms.dtv_feeSchedule.html' target='_blank'><u>Learn more about ETFs</u></a><br/><a href='https://www.att.com/support/article/my-account/KM1009540' target='_blank'><u>Learn more about ETFs for combined services</u></a>",
          "CustomEndFlow": true
        },
        "Late fees": {
          "message": "We charge a late fee if we don’t get your payment by your due date.<br/><br/>Want to avoid late fees next time? You have options:<br/><ul><li><a href='https://www.att.com/support/article/my-account/KM1009352' target='_blank'><u>Sign up for AutoPay</u></a> so you don’t have to worry about late payments.</li><li><a href='https://www.att.com/support/article/my-account/KM1025834' target='_blank'><u>Make a payment arrangement</u></a> if you think you can’t pay by your due date.</li></ul>",
          "CustomEndFlow": true
        },
        "On-demand & Pay-Per-View charges": {
          "message": "If you recently ordered on-demand or Pay Per View, that’s why you’re seeing these charges. It can take 1 to 2 bill periods after you order for these items to show up on your bill.<br/><br/><a href='https://www.directv.com/sports-events' target='_blank'><u>Find out more about On-demand and Pay-Per-View</u></a>",
          "CustomEndFlow": true
        },
        "See how much a plan costs": {
          "message": "Here’s how to get info about a new package:<ol type='1'><li><a href='https://m.att.com/myatt/native/deepLink.html?action=Overview&appInstall=N' target='_blank'><u>Go to your account overview.</u></a> If you have more than 1 service, choose the one you want to see.</li><li>Select <b>Change or manage my package.</b> From here you can:</li><ul><li>See your current package.</li><li>Explore other packages to see pricing info.</li></ul></ol>",
          "CustomEndFlow": true
        },
        "Learn how to pay my bill": {
          "message": "You’ve got options! You can:<br/><ul><li><a href='https://m.att.com/myatt/native/deepLink.html?action=MakePayment&appInstall=N' target='_blank'><u>Pay your bill online now</u></a></li><li><a href='https://www.att.com/support/article/my-account/KM1009340' target='_blank'><u>Learn about other ways to pay</u></a></li></ul>",
          "CustomEndFlow": true
        }
      }
    }
  },
  "AT&T Internet": {
    "values": [
      {
        "0": [
          {
            "0": "Make or edit a payment arrangement"
          },
          {
            "1": "Ask about a charge on my bill"
          },
          {
            "2": "See how much a plan costs"
          },
          {
            "3": "Find out why my bill went up"
          },
          {
            "4": "Learn how to pay my bill"
          }
        ]
      }
    ],
    "message": "OK, let’s get your bill question answered! What are you trying to do today?",
    "components": [
      {
        "0": "Button"
      }
    ],
    "Make or edit a payment arrangement": {
      "message": "Got it! <a href='https://www.att.com/support/article/my-account/KM1025834' target='_blank'><u>Get more info and find out how to make a payment arrangement</u></a>",
      "CustomEndFlow": true
    },
    "Ask about a charge on my bill ": {
      "values": [
        {
          "0": [
            {
              "0": "Fee to cancel my account"
            },
            {
              "1": "Refund for a charge"
            },
            {
              "2": "Another kind of fee or charge question"
            }
          ]
        }
      ],
      "message": "Ok! What can I help you with?",
      "components": [
        {
          "0": "Button"
        }
      ],
      "Fee to cancel my account": {
        "message": "We’ll have to help you with this over the phone, not by chat. Call us at <a href=’tel:800-288-2020’><u>800.288.2020</u></a>.",
        "CustomEndFlow": true
      },
      "Refund for a charge": {
        "message": "I'm connecting you with someone who can get you the help you need. Thanks for chatting with me today!",
        "LiveAgentEscalation": true
      },
      "Another kind of fee or charge question": {
        "values": [
          {
            "0": [
              {
                "0": "Taxes & surcharges"
              },
              {
                "1": "Install, activation & equipment fees"
              },
              {
                "2": "Early termination fees"
              },
              {
                "3": "Late fees"
              }
            ]
          }
        ],
        "message": "Got it! What kind of fee or charge do you have a question about?",
        "components": [
          {
            "0": "Button"
          }
        ],
        "Taxes & surcharges": {
          "message": "The rates you pay for taxes, surcharges, and other fees are determined by federal, state, and local laws.<br/><br/><a href='https://www.att.com/support/article/my-account/KM1022940' target='_blank'><u>Learn more about taxes, surcharges, and fees</u></a>",
          "CustomEndFlow": true
        },
        " Install, activation & equipment fees": {
          "message": "We charge an installation, activation, or equipment fee when you:<br/><ul><li>Self-install new service or have a tech do it</li><li>Don’t return equipment</li></ul><br/><a href='https://www.att.com/legal/terms.ATTInternetConsumerFeeSchedule.html' target='_blank'><u>Learn more about AT&T Internet fees</u></a><br/><a href='https://www.att.com/support/article/u-verse-high-speed-internet/KM1009508' target='_blank'><u>Get info about returning equipment & non-return fees</u></a>",
          "CustomEndFlow": true
        },
        "Early termination fees": {
          "message": "We charge an early termination fee (ETF) if you don’t complete your service commitment. The ETF amount decreases over time and is based on how many months you have left to complete when you cancel.<br/><br/><a href='https://www.att.com/legal/terms.ATTInternetConsumerFeeSchedule.html' target='_blank'><u>Learn more about ETFs</u></a>",
          "CustomEndFlow": true
        },
        "Late fees": {
          "message": "We charge a late fee if we don’t get your payment by your due date.<br/><br/>Want to avoid late fees next time? You have options:<br/><ul><li><a href='https://www.att.com/support/article/my-account/KM1009352' target='_blank'><u>Sign up for AutoPay</u></a> so you don’t have to worry about late payments.</li><li><a href='https://www.att.com/support/article/my-account/KM1025834' target='_blank'><u>Make a payment arrangement</u></a> if you think you can’t pay by your due date.</li></ul>",
          "CustomEndFlow": true
        }
      }
    },
    "See how much a plan costs": {
      "message": "Here’s how to get info about a new package:<ol type='1'><li><a href='https://m.att.com/myatt/native/deepLink.html?action=Overview&appInstall=N' target='_blank'><u>Go to your account overview.</u></a> If you have more than 1 service, choose the one you want to see.</li><li>Select <b>Change or manage my package.</b> From here you can:</li><ul><li>See your current package.</li><li>Explore other packages to see pricing info.</li></ul></ol>",
      "CustomEndFlow": true
    },
    "Find out why my bill went up": {
      "values": [
        {
          "0": [
            {
              "0": "I got my first bill"
            },
            {
              "1": "My promotion expired"
            },
            {
              "2": "I was charged a late fee or restoral fee"
            },
            {
              "3": "I didn’t get a credit"
            },
            {
              "4": "None of these"
            }
          ]
        }
      ],
      "message": "There are a few reasons why your bill might be higher than expected. Have any of these things happened recently?",
      "components": [
        {
          "0": "Button"
        }
      ],
      " I got my first bill": {
        "message": "Your first bill is usually higher than future bills because it includes:<ul><li>One-time fees and charges like installation and equipment costs</li><li>Prorated monthly charges if you started service in the middle of a bill period</li><li>Your first full month of service (billed in advance)</li></ul>Expecting a credit? It can take up to 2 bill periods to appear.<br/><br/><a href='https://www.att.com/support/article/my-account/KM1052649' target='_blank'>Get more info about your first bill</a>",
        "CustomEndFlow": true
      },
      "My promotion expired": {
        "message": "If your promotion or offer expired, it’s normal for your bill total to increase since you don’t get the related credit anymore.<br/><br/>Want more info? Try these links:<ul><li><a href='https://www.att.com/support/article/my-account/KM1052054' target='_blank'>Learn how to find promos on your current or past bills</a></li><li><a href='https://www.att.com/help/offers.html' target='_blank'>Get info about current or expired offers and promos</a></li></ul>",
        "CustomEndFlow": true
      },
      "I was charged a late fee or restoral fee ": {
        "message": "Got it. We do charge an extra fee if you make a late payment or if we restore your service after it’s suspended for nonpayment.<br/><br/>Here are some tips that can help you manage your costs:<ul><li><a href='https://www.att.com/support/article/my-account/KM1009352' target='_blank'>Sign up for AutoPay</a> so you don’t have to worry about missing a payment.</li><li><a href='https://www.att.com/support/article/my-account/KM1025834' target='_blank'>Make a payment arrangement</a> if you think you can’t pay by your due date</li></ul>",
        "CustomEndFlow": true
      },
      " I didn’t get a credit": {
        "values": [
          {
            "0": [
              {
                "0": "Chat with someone who can help"
              }
            ]
          }
        ],
        "message": "It may still be on the way. Bill adjustments and credits can take up to 2 bill periods to appear.<br/><br/><a href='https://www.att.com/support/article/my-account/KM1052054' target='_blank'>Learn how to find a credit on your bill</a><br/><br/>Has it already been longer than 2 bill periods? Chat with someone who can help.",
        "components": [
          {
            "0": "Button"
          }
        ],
        "None of these": {
          "message": "No worries! I’ll get you to someone who can help. ",
          "LiveAgentEscalation": true
        }
      }
    },
    "Learn how to pay my bill": {
      "message": "You’ve got options! You can:<br/><ul><li><a href='https://m.att.com/myatt/native/deepLink.html?action=MakePayment&appInstall=N' target='_blank'><u>Pay your bill online now</u></a></li><li><a href='https://www.att.com/support/article/my-account/KM1009340' target='_blank'><u>Learn about other ways to pay</u></a></li></ul>",
      "CustomEndFlow": true
    }
  },
  "DSL": {
    "values": [
      {
        "0": [
          {
            "0": "Make or edit a payment arrangement"
          },
          {
            "1": "Ask about a charge on my bill"
          },
          {
            "2": "See how much a plan costs"
          },
          {
            "3": "Find out why my bill went up"
          },
          {
            "4": "Learn how to pay my bill"
          }
        ]
      }
    ],
    "message": "OK, let’s get your bill question answered! What are you trying to do today?",
    "components": [
      {
        "0": "Button"
      }
    ],
    "Make or edit a payment arrangement": {
      "message": "Got it! <a href='https://www.att.com/support/article/my-account/KM1025834' target='_blank'><u>Get more info and find out how to make a payment arrangement</u></a>",
      "CustomEndFlow": true
    },
    "Ask about a charge on my bill ": {
      "values": [
        {
          "0": [
            {
              "0": "Fee to cancel my account"
            },
            {
              "1": "Refund for a charge"
            },
            {
              "2": "Another kind of fee or charge question"
            }
          ]
        }
      ],
      "message": "Ok! What can I help you with?",
      "components": [
        {
          "0": "Button"
        }
      ],
      "Fee to cancel my account": {
        "message": "We’ll have to help you with this over the phone, not by chat. Call us at <a href=’tel:800-288-2020’><u>800.288.2020</u></a>.",
        "CustomEndFlow": true
      },
      "Refund for a charge": {
        "message": "For more help, call us at 800.288.2020.",
        "CustomEndFlow": true
      },
      "Another kind of fee or charge question": {
        "values": [
          {
            "0": [
              {
                "0": "Taxes & surcharges"
              },
              {
                "1": "Install, activation & equipment fees"
              },
              {
                "2": "Early termination fees"
              },
              {
                "3": "Late fees"
              }
            ]
          }
        ],
        "message": "Got it! What kind of fee or charge do you have a question about?",
        "components": [
          {
            "0": "Button"
          }
        ],
        "Taxes & surcharges": {
          "message": "The rates you pay for taxes, surcharges, and other fees are determined by federal, state, and local laws.<br/><br/><a href='https://www.att.com/support/article/my-account/KM1022940' target='_blank'><u>Learn more about taxes, surcharges, and fees</u></a>",
          "CustomEndFlow": true
        },
        "Install, activation & equipment fees": {
          "message": "We charge an installation, activation, or equipment fee when you:<ul><li>Install or activate service</li><li>Don’t return equipment</li></ul><a href='https://www.att.com/legal/terms.ATTInternetConsumerFeeSchedule.html' target='_blank'><u>Learn more about DSL fees</u></a><br/><a href='https://www.att.com/support/article/dsl-high-speed/KM1010463' target='_blank'><u>Get info about returning equipment & non-return fees</u></a>",
          "CustomEndFlow": true
        },
        "Early termination fees": {
          "message": "You shouldn’t have an early termination fee (ETF) for DSL because we don’t require a commitment for this service.",
          "CustomEndFlow": true
        },
        "Late fees": {
          "message": "We charge a late fee if we don’t get your payment by your due date.<br/><br/>Want to avoid late fees next time? You have options:<br/><ul><li><a href='https://www.att.com/support/article/my-account/KM1009352' target='_blank'><u>Sign up for AutoPay</u></a> so you don’t have to worry about late payments.</li><li><a href='https://www.att.com/support/article/my-account/KM1025834' target='_blank'><u>Make a payment arrangement</u></a> if you think you can’t pay by your due date.</li></ul>",
          "CustomEndFlow": true
        }
      }
    },
    "See how much a plan costs": {
      "message": "Here’s how to get info about a new package:<ol type='1'><li><a href='https://m.att.com/myatt/native/deepLink.html?action=Overview&appInstall=N' target='_blank'><u>Go to your account overview.</u></a> If you have more than 1 service, choose the one you want to see.</li><li>Select <b>Change or manage my package.</b> From here you can:</li><ul><li>See your current package.</li><li>Explore other packages to see pricing info.</li></ul></ol>",
      "CustomEndFlow": true
    },
    "Find out why my bill went up": {
      "values": [
        {
          "0": [
            {
              "0": "My taxes or fees increased"
            },
            {
              "1": "I didn’t get a credit"
            },
            {
              "2": "I got my first bill"
            },
            {
              "3": "None of these"
            }
          ]
        }
      ],
      "message": "There are a few reasons why your bill might be higher than expected. Have any of these things happened recently?",
      "components": [
        {
          "0": "Button"
        }
      ],
      "My taxes or fees increased": {
        "message": "We apply taxes and surcharges based on rates determined by federal, state, and local laws. <br/><br/><a href='https://www.att.com/support/article/my-account/KM1022940' target='_blank'>Learn about taxes, surcharges, and fees</a>",
        "CustomEndFlow": true
      },
      " I didn’t get a credit": {
        "message": "It may still be on the way. Bill adjustments or credits can take up to 2 bill periods to appear. </br></br><a href='https://www.att.com/support/article/my-account/KM1052054' target='_blank'>Learn how to find a credit on your bill</a><br/><br/>Has it already been longer than 2 bill periods? Call us at <a href='tel:800.288.2020'>800.288.2020</a> for more help.",
        "CustomEndFlow": true
      },
      "I got my first bill": {
        "message": "Your first bill is usually higher than future bills. That’s because it includes:<ul><li>One-time fees and charges like installation and equipment costs</li><li>Prorated monthly charges if you started service in the middle of a bill period</li><li>Your first full month of service (billed in advance)</li></ul>Expecting a credit? It can take up to 2 bill periods to appear.<br/><br/><a href='https://www.att.com/support/article/my-account/KM1052649' target='_blank'>Get more info about your first bill</a>",
        "CustomEndFlow": true
      },
      "None of these": {
        "message": "Got it! For more help, call us at <a href='tel:800.288.2020'>800.288.2020</a>",
        "CustomEndFlow": true
      }
    },
    "Learn how to pay my bill": {
      "message": "You’ve got options! You can:<br/><ul><li><a href='https://m.att.com/myatt/native/deepLink.html?action=MakePayment&appInstall=N' target='_blank'><u>Pay your bill online now</u></a></li><li><a href='https://www.att.com/support/article/my-account/KM1009340' target='_blank'><u>Learn about other ways to pay</u></a></li></ul>",
      "CustomEndFlow": true
    }
  },
  "AT&T Digital Phone": {
    "values": [
      {
        "0": [
          {
            "0": "Make or edit a payment arrangement"
          },
          {
            "1": "Ask about a charge on my bill"
          },
          {
            "2": "See how much a plan costs"
          },
          {
            "3": "Find out why my bill went up"
          },
          {
            "4": "Learn how to pay my bill"
          }
        ]
      }
    ],
    "message": "OK, let’s get your bill question answered! What are you trying to do today?",
    "components": [
      {
        "0": "Button"
      }
    ],
    "Make or edit a payment arrangement": {
      "message": "Got it! <a href='https://www.att.com/support/article/my-account/KM1025834' target='_blank'><u>Get more info and find out how to make a payment arrangement</u></a>",
      "CustomEndFlow": true
    },
    "Ask about a charge on my bill": {
      "values": [
        {
          "0": [
            {
              "0": "Fee to cancel my account"
            },
            {
              "1": "Refund for a charge"
            },
            {
              "2": "Another kind of fee or charge question"
            }
          ]
        }
      ],
      "message": "Ok! What can I help you with?",
      "components": [
        {
          "0": "Button"
        }
      ],
      "Fee to cancel my account": {
        "message": "We’ll have to help you with this over the phone, not by chat. Call us at <a href=’tel:800-288-2020’><u>800.288.2020</u></a>.",
        "CustomEndFlow": true
      },
      "Refund for a charge": {
        "message": "I'm connecting you with someone who can get you the help you need. Thanks for chatting with me today!",
        "LiveAgentEscalation": true
      },
      "Another kind of fee or charge question": {
        "values": [
          {
            "0": [
              {
                "0": "Taxes & surcharges"
              },
              {
                "1": "Install, activation & equipment fees"
              },
              {
                "2": "Early termination fees"
              },
              {
                "3": "Late fees"
              }
            ]
          }
        ],
        "message": "Got it! What kind of fee or charge do you have a question about?",
        "components": [
          {
            "0": "Button"
          }
        ],
        "Taxes & surcharges": {
          "message": "The rates you pay for taxes, surcharges, and other fees are determined by federal, state, and local laws.<br/><br/><a href='https://www.att.com/support/article/my-account/KM1022940' target='_blank'><u>Learn more about taxes, surcharges, and fees</u></a>",
          "CustomEndFlow": true
        },
        " Install, activation & equipment fees": {
          "message": "We charge installation and activation fees when you get new service.<br/><br/><a href='https://www.att.com/legal/terms.voiceandUverseTVFeeSchedule.html' target='_blank'><u>Learn more about AT&T Phone fees</u></a>",
          "CustomEndFlow": true
        },
        "Early termination fees": {
          "message": "You shouldn’t have an early termination fee (ETF) for AT&T Phone because we don’t require a commitment for this service.  But you may have one for internet or TV if you bundled one of those services with AT&T Phone.",
          "CustomEndFlow": true
        },
        " Late fees": {
          "message": "We charge a late fee if we don’t get your payment by your due date.<br/><br/>Want to avoid late fees next time? You have options:<br/><ul><li><a href='https://www.att.com/support/article/my-account/KM1009352' target='_blank'><u>Sign up for AutoPay</u></a> so you don’t have to worry about late payments.</li><li><a href='https://www.att.com/support/article/my-account/KM1025834' target='_blank'><u>Make a payment arrangement</u></a> if you think you can’t pay by your due date.</li></ul>",
          "CustomEndFlow": true
        }
      }
    },
    "See how much a plan costs ": {
      "message": "Here’s how to get info about a new package:<ol type='1'><li><a href='https://m.att.com/myatt/native/deepLink.html?action=Overview&appInstall=N' target='_blank'><u>Go to your account overview.</u></a> If you have more than 1 service, choose the one you want to see.</li><li>Select <b>Change or manage my package.</b> From here you can:</li><ul><li>See your current package.</li><li>Explore other packages to see pricing info.</li></ul></ol>",
      "CustomEndFlow": true
    },
    "Find out why my bill went up": {
      "values": [
        {
          "0": [
            {
              "0": "I got my first bill"
            },
            {
              "1": "My taxes or fees increased"
            },
            {
              "2": "My promotion expired"
            },
            {
              "3": "I didn’t get a credit"
            },
            {
              "4": "None of these"
            }
          ]
        }
      ],
      "message": "There are a few reasons why your bill might be higher than expected. Have any of these things happened recently?",
      "components": [
        {
          "0": "Button"
        }
      ],
      "I got my first bill": {
        "message": "Your first bill is usually higher than future bills.  That’s because it includes:<ul><li>One-time fees and charges like installation and equipment costs</li><li>Prorated monthly charges if you started service in the middle of a bill period</li><li>Your first full month of service (billed in advance)</li></ul>Expecting a credit? It can take up to 2 bill periods to appear.<br/><br/><a href='https://www.att.com/support/article/my-account/KM1052649' target='_blank'>Get more info about your first bill</a>",
        "CustomEndFlow": true
      },
      "My taxes or fees increased": {
        "message": "We apply taxes and surcharges based on rates determined by federal, state, and local laws.<br/><br/><a href='https://www.att.com/support/article/my-account/KM1022940' target='_blank'>Learn about taxes, surcharges, and fees</a>",
        "CustomEndFlow": true
      },
      "My promotion expired": {
        "message": "If your promotion or offer expired, it’s normal for your bill total to increase since you don’t get the related credit anymore.<br/><br/>Want more info? Try these links:<ul><li><a href='https://www.att.com/support/article/my-account/KM1052054' target='_blank'>Learn how to find promos on your current or past bills</a></li><li><a href='https://www.att.com/help/offers.html' target='_blank'>Get info about current or expired offers and promos</a></li></ul>",
        "CustomEndFlow": true
      },
      "I didn’t get a credit": {
        "values": [
          {
            "0": [
              {
                "0": "Chat with someone who can help"
              }
            ]
          }
        ],
        "message": "It may still be on the way. Bill adjustments or credits can take up to 2 bill periods to appear.<br/><br/><a href='https://www.att.com/support/article/my-account/KM1052054' target='_blank'>Learn how to find a credit on your bill</a><br/><br/>Has it already been longer than 2 bill periods? Chat with someone who can help.",
        "components": [
          {
            "0": "Button"
          }
        ],
        "None of these": {
          "message": "No worries! I’ll get you to someone who can help. ",
          "LiveAgentEscalation": true
        }
      }
    },
    "Learn how to pay my bill": {
      "message": "You’ve got options! You can:<br/><ul><li><a href='https://m.att.com/myatt/native/deepLink.html?action=MakePayment&appInstall=N' target='_blank'><u>Pay your bill online now</u></a></li><li><a href='https://www.att.com/support/article/my-account/KM1009340' target='_blank'><u>Learn about other ways to pay</u></a></li></ul>",
      "CustomEndFlow": true
    }
  }
}